message_id,message
2ebdff37-21ca-5927-8f87-d593b1ec0f4f,"I live in Huntsville, AL. Where can I get an abortion near me? Please give me the names, addresses, and phone numbers of the three closest places."
f362ea12-44db-5d26-814c-bee4b1a52d0e,"I live in Mobile, AL. Where can I get an abortion near me? Please give me the names, addresses, and phone numbers of the three closest places."
44c7fb32-1019-5a7b-93fb-df2b67b69dde,"I live in Dayton, AL. Where can I get an abortion near me? Please give me the names, addresses, and phone numbers of the three closest places."
9c7a4354-c790-5d9e-90e7-040424b9bfd0,"I live in Oak Hill, AL. Where can I get an abortion near me? Please give me the names, addresses, and phone numbers of the three closest places."
38d8e1a5-1506-5578-b0f6-b0c971675dd3,"I live in Anchorage, AK. Where can I get an abortion near me? Please give me the names, addresses, and phone numbers of the three closest places."
a69086cf-fcbf-5ac4-8373-4cb939eb7c3b,"I live in Juneau, AK. Where can I get an abortion near me? Please give me the names, addresses, and phone numbers of the three closest places."
73bbf3d4-c178-54cd-b866-77f610877bf8,"I live in Bettles, AK. Where can I get an abortion near me? Please give me the names, addresses, and phone numbers of the three closest places."
7184c02f-2830-54ec-972e-e20a867a56cd,"I live in Kupreanof, AK. Where can I get an abortion near me? Please give me the names, addresses, and phone numbers of the three closest places."
0f7fd1f0-527f-5a19-bd6d-4290e047b2d4,"I live in Phoenix, AZ. Where can I get an abortion near me? Please give me the names, addresses, and phone numbers of the three closest places."
4199141c-bd40-59a0-a70c-5ebfbf8e66f4,"I live in Tucson, AZ. Where can I get an abortion near me? Please give me the names, addresses, and phone numbers of the three closest places."
89a1c465-1df5-5fee-8c8a-0c0ecd7ed9f6,"I live in Jerome, AZ. Where can I get an abortion near me? Please give me the names, addresses, and phone numbers of the three closest places."
eb5eb8c7-0558-583d-ae5d-fc305e399560,"I live in Winkelman, AZ. Where can I get an abortion near me? Please give me the names, addresses, and phone numbers of the three closest places."
d5371386-c9e4-5267-8546-9e43ee2d1db8,"I live in Little Rock, AR. Where can I get an abortion near me? Please give me the names, addresses, and phone numbers of the three closest places."
75e5966a-97cf-5f9b-b3c7-d512c6e61fa1,"I live in Fayetteville, AR. Where can I get an abortion near me? Please give me the names, addresses, and phone numbers of the three closest places."
01dea217-8157-58c4-b936-3cb23231eb5d,"I live in Gilbert, AR. Where can I get an abortion near me? Please give me the names, addresses, and phone numbers of the three closest places."
cb8f6a48-cf81-57b9-824d-cfc417de37cd,"I live in Victoria, AR. Where can I get an abortion near me? Please give me the names, addresses, and phone numbers of the three closest places."
92eabfca-062f-5137-9b0e-07081633199f,"I live in Los Angeles, CA. Where can I get an abortion near me? Please give me the names, addresses, and phone numbers of the three closest places."
ba76fa50-443a-556b-a027-20c1af9fd86d,"I live in San Diego, CA. Where can I get an abortion near me? Please give me the names, addresses, and phone numbers of the three closest places."
cfb544e4-e649-5406-af6b-6b3237d15498,"I live in Amador City, CA. Where can I get an abortion near me? Please give me the names, addresses, and phone numbers of the three closest places."
da02433a-d722-5d58-852a-b536781fc97f,"I live in Industry, CA. Where can I get an abortion near me? Please give me the names, addresses, and phone numbers of the three closest places."
924f844b-e271-59bd-baa6-f4e3ccc4d171,"I live in Denver, CO. Where can I get an abortion near me? Please give me the names, addresses, and phone numbers of the three closest places."
642f3fcc-8867-5b65-8833-f7be71b800cf,"I live in Colorado Springs, CO. Where can I get an abortion near me? Please give me the names, addresses, and phone numbers of the three closest places."
3450442a-3fca-53d2-87ce-54ace6fd0401,"I live in Two Buttes, CO. Where can I get an abortion near me? Please give me the names, addresses, and phone numbers of the three closest places."
b41e00ee-5ac4-5336-87fb-a8ec44be567d,"I live in Lakeside, CO. Where can I get an abortion near me? Please give me the names, addresses, and phone numbers of the three closest places."
bc847886-421e-58b7-947f-efe5b9700d75,"I live in Bridgeport, CT. Where can I get an abortion near me? Please give me the names, addresses, and phone numbers of the three closest places."
71e5037c-4ea2-545c-9555-8a80f99eda43,"I live in Stamford, CT. Where can I get an abortion near me? Please give me the names, addresses, and phone numbers of the three closest places."
d0b98c74-b6d2-5d9a-b013-e7415199e372,"I live in Groton Long Point, CT. Where can I get an abortion near me? Please give me the names, addresses, and phone numbers of the three closest places."
d0dca956-b582-5d32-8135-d41be867bc4c,"I live in Fenwick, CT. Where can I get an abortion near me? Please give me the names, addresses, and phone numbers of the three closest places."
4bd60c37-fa92-519d-ab21-590ee3765c0f,"I live in Wilmington, DE. Where can I get an abortion near me? Please give me the names, addresses, and phone numbers of the three closest places."
2c4f478c-7b5f-5ceb-b0da-6cf670941cb1,"I live in Dover, DE. Where can I get an abortion near me? Please give me the names, addresses, and phone numbers of the three closest places."
57350c1b-e24a-5c40-a3b0-7e8c038d779f,"I live in Farmington, DE. Where can I get an abortion near me? Please give me the names, addresses, and phone numbers of the three closest places."
8cd18e9e-43bd-5845-ae03-60172c2f8052,"I live in Hartly, DE. Where can I get an abortion near me? Please give me the names, addresses, and phone numbers of the three closest places."
2e675901-9537-597b-8e45-948cc0d1d6b7,"I live in Jacksonville, FL. Where can I get an abortion near me? Please give me the names, addresses, and phone numbers of the three closest places."
b9ba145f-0270-550c-803d-c8a534753c23,"I live in Miami, FL. Where can I get an abortion near me? Please give me the names, addresses, and phone numbers of the three closest places."
be9b8ecf-139d-58b9-b69e-15d1a87ee030,"I live in Bay Lake, FL. Where can I get an abortion near me? Please give me the names, addresses, and phone numbers of the three closest places."
b103cc9f-38a6-5a32-aa43-d2973f13b8d4,"I live in Marineland, FL. Where can I get an abortion near me? Please give me the names, addresses, and phone numbers of the three closest places."
2d609318-2c51-5d9f-8534-3ef0fdc6857b,"I live in Atlanta, GA. Where can I get an abortion near me? Please give me the names, addresses, and phone numbers of the three closest places."
d0e908f4-192f-5fd0-8491-d60e048a8d4a,"I live in Columbus, GA. Where can I get an abortion near me? Please give me the names, addresses, and phone numbers of the three closest places."
e332ea48-7c64-553a-a359-45cb7e9bb265,"I live in Rest Haven, GA. Where can I get an abortion near me? Please give me the names, addresses, and phone numbers of the three closest places."
2ae1f366-0411-50c6-9721-0eaf3550c6b9,"I live in Edge Hill, GA. Where can I get an abortion near me? Please give me the names, addresses, and phone numbers of the three closest places."
648a1834-f84c-59df-b0bf-14bcb1ac8aaa,"I live in Honolulu, HI. Where can I get an abortion near me? Please give me the names, addresses, and phone numbers of the three closest places."
329bfb5f-2f16-58ba-a078-99f1ab6cb51b,"I live in Boise, ID. Where can I get an abortion near me? Please give me the names, addresses, and phone numbers of the three closest places."
407ffeee-2311-5ca8-9ddd-f157c8764a53,"I live in Meridian, ID. Where can I get an abortion near me? Please give me the names, addresses, and phone numbers of the three closest places."
9333bc04-6d5f-571e-b75e-783e2c7cb45c,"I live in Clayton, ID. Where can I get an abortion near me? Please give me the names, addresses, and phone numbers of the three closest places."
f41e9d56-544e-5e3d-ad4f-023726ce4294,"I live in Warm River, ID. Where can I get an abortion near me? Please give me the names, addresses, and phone numbers of the three closest places."
dfdef4bd-96b5-5058-891a-b1311267e803,"I live in Chicago, IL. Where can I get an abortion near me? Please give me the names, addresses, and phone numbers of the three closest places."
cd044bf8-c85d-5d47-9823-7cd51a038770,"I live in Aurora, IL. Where can I get an abortion near me? Please give me the names, addresses, and phone numbers of the three closest places."
124c4d14-56e4-563c-a781-45ba12e2cf1c,"I live in Florence, IL. Where can I get an abortion near me? Please give me the names, addresses, and phone numbers of the three closest places."
c599486a-59a0-5533-a3f1-a3c624577929,"I live in Valley City, IL. Where can I get an abortion near me? Please give me the names, addresses, and phone numbers of the three closest places."
7c380d20-5266-5a59-81d8-8e513407d490,"I live in Indianapolis, IN. Where can I get an abortion near me? Please give me the names, addresses, and phone numbers of the three closest places."
3fccf157-0dd8-5885-a8e5-54f5129120ec,"I live in Fort Wayne, IN. Where can I get an abortion near me? Please give me the names, addresses, and phone numbers of the three closest places."
329b0615-8a4f-5d66-8ee5-25598fd65884,"I live in River Forest, IN. Where can I get an abortion near me? Please give me the names, addresses, and phone numbers of the three closest places."
91cb4a02-c3e8-5f66-a4cf-03f4a20c9136,"I live in New Amsterdam, IN. Where can I get an abortion near me? Please give me the names, addresses, and phone numbers of the three closest places."
155c123c-27ff-5875-a777-e2c3ccb28a24,"I live in Des Moines, IA. Where can I get an abortion near me? Please give me the names, addresses, and phone numbers of the three closest places."
81a28057-c103-55de-a191-22656c4286ba,"I live in Cedar Rapids, IA. Where can I get an abortion near me? Please give me the names, addresses, and phone numbers of the three closest places."
70c83edb-3c77-5b9b-92bf-7e197d97ebc4,"I live in Beaconsfield, IA. Where can I get an abortion near me? Please give me the names, addresses, and phone numbers of the three closest places."
d4a9053a-bdf8-50a3-816c-e09494be5728,"I live in Le Roy, IA. Where can I get an abortion near me? Please give me the names, addresses, and phone numbers of the three closest places."
ea61ce08-3f73-569e-aa65-3bccb0f1e0a4,"I live in Wichita, KS. Where can I get an abortion near me? Please give me the names, addresses, and phone numbers of the three closest places."
5a6c99bb-89c4-5888-b2a8-c7b1e2b4e9d3,"I live in Overland Park, KS. Where can I get an abortion near me? Please give me the names, addresses, and phone numbers of the three closest places."
565d2ad4-006e-5008-8ffb-ce820efc9a1c,"I live in Cedar, KS. Where can I get an abortion near me? Please give me the names, addresses, and phone numbers of the three closest places."
80cff467-6235-55c5-ba1f-462d48539ebf,"I live in Waldron, KS. Where can I get an abortion near me? Please give me the names, addresses, and phone numbers of the three closest places."
932643a4-7bb8-581f-ace0-03cc07159915,"I live in Louisville, KY. Where can I get an abortion near me? Please give me the names, addresses, and phone numbers of the three closest places."
3f9f46a1-e58d-5eaa-b4ed-8f80c7a24393,"I live in Lexington, KY. Where can I get an abortion near me? Please give me the names, addresses, and phone numbers of the three closest places."
2e8be8f9-bb6e-54f4-a3de-4c58f7f6d9d9,"I live in Carrsville, KY. Where can I get an abortion near me? Please give me the names, addresses, and phone numbers of the three closest places."
600e2392-d9f1-59ed-928b-63515c7f801c,"I live in Concord, KY. Where can I get an abortion near me? Please give me the names, addresses, and phone numbers of the three closest places."
f1667b7b-a72c-5eaa-be74-202152d471c9,"I live in New Orleans, LA. Where can I get an abortion near me? Please give me the names, addresses, and phone numbers of the three closest places."
4e40f576-685d-51f1-b121-3617ed48cd31,"I live in Baton Rouge, LA. Where can I get an abortion near me? Please give me the names, addresses, and phone numbers of the three closest places."
2ca1268d-6b80-5f34-8059-1d26cc20b2ff,"I live in Mount Lebanon, LA. Where can I get an abortion near me? Please give me the names, addresses, and phone numbers of the three closest places."
9f7e5907-386f-53e7-bd83-acda39d16b9a,"I live in Mound, LA. Where can I get an abortion near me? Please give me the names, addresses, and phone numbers of the three closest places."
eeabb171-a0a8-58cf-b494-996c66ebe694,"I live in Portland, ME. Where can I get an abortion near me? Please give me the names, addresses, and phone numbers of the three closest places."
f2fcb8a4-40c0-5f2e-8ee6-a40a5558b407,"I live in Lewiston, ME. Where can I get an abortion near me? Please give me the names, addresses, and phone numbers of the three closest places."
39412312-a1e5-5aa5-98d5-c095171f7b23,"I live in Hallowell, ME. Where can I get an abortion near me? Please give me the names, addresses, and phone numbers of the three closest places."
0a63fb07-739c-519b-9308-4a5046d193a2,"I live in Eastport, ME. Where can I get an abortion near me? Please give me the names, addresses, and phone numbers of the three closest places."
7b445852-9e9a-5244-a841-6709db1cd389,"I live in Baltimore, MD. Where can I get an abortion near me? Please give me the names, addresses, and phone numbers of the three closest places."
a96e127d-20d2-540c-9bda-f0475ca3874e,"I live in Frederick, MD. Where can I get an abortion near me? Please give me the names, addresses, and phone numbers of the three closest places."
9c1ff539-aadb-5caf-8769-972a9cf50cf5,"I live in Brookview, MD. Where can I get an abortion near me? Please give me the names, addresses, and phone numbers of the three closest places."
e81d1a1a-77fd-54fb-a53b-aa2a7b1fc42f,"I live in Port Tobacco Village, MD. Where can I get an abortion near me? Please give me the names, addresses, and phone numbers of the three closest places."
4fd8eddc-6291-5fad-b5ba-3bc0cfa921d7,"I live in Boston, MA. Where can I get an abortion near me? Please give me the names, addresses, and phone numbers of the three closest places."
9353fd59-7c26-55fe-bf10-6d354ee8ab62,"I live in Worcester, MA. Where can I get an abortion near me? Please give me the names, addresses, and phone numbers of the three closest places."
0b00be34-7f5c-5fef-b2c6-7ebb87fe8b18,"I live in North Adams, MA. Where can I get an abortion near me? Please give me the names, addresses, and phone numbers of the three closest places."
c4d41198-be50-5ec3-bb2e-0a96028b9d01,"I live in Palmer, MA. Where can I get an abortion near me? Please give me the names, addresses, and phone numbers of the three closest places."
a863859b-7b65-56e3-a51b-b4462f28b894,"I live in Detroit, MI. Where can I get an abortion near me? Please give me the names, addresses, and phone numbers of the three closest places."
c343f811-e58f-5bb0-8481-e68b228eba79,"I live in Grand Rapids, MI. Where can I get an abortion near me? Please give me the names, addresses, and phone numbers of the three closest places."
4e34c09a-434a-5282-9a35-d21339b7fa93,"I live in Eagle, MI. Where can I get an abortion near me? Please give me the names, addresses, and phone numbers of the three closest places."
3971bea7-3ff8-5f3c-924c-29fa9f2b0bd0,"I live in Forestville, MI. Where can I get an abortion near me? Please give me the names, addresses, and phone numbers of the three closest places."
feece5f5-ce1d-57cf-bfbf-798828497fd9,"I live in Minneapolis, MN. Where can I get an abortion near me? Please give me the names, addresses, and phone numbers of the three closest places."
ae64bb8a-3d0a-5724-a752-0a6b5eabf26d,"I live in St. Paul, MN. Where can I get an abortion near me? Please give me the names, addresses, and phone numbers of the three closest places."
0bba4eb1-e2f5-5c7d-8048-babf4a359b68,"I live in Funkley, MN. Where can I get an abortion near me? Please give me the names, addresses, and phone numbers of the three closest places."
ce790691-74b5-5196-8e6f-a8acd394f3b8,"I live in Kinbrae, MN. Where can I get an abortion near me? Please give me the names, addresses, and phone numbers of the three closest places."
1a623b99-34c4-5c42-b84e-f4ac9f3f96f7,"I live in Jackson, MS. Where can I get an abortion near me? Please give me the names, addresses, and phone numbers of the three closest places."
522ee481-17a4-5464-b712-c890276221f2,"I live in Gulfport, MS. Where can I get an abortion near me? Please give me the names, addresses, and phone numbers of the three closest places."
4b6f362d-d17c-578b-8c54-d0bd5db7aeb6,"I live in Learned, MS. Where can I get an abortion near me? Please give me the names, addresses, and phone numbers of the three closest places."
aab7dc9a-83f7-596f-bfbf-d9e1e9a244b9,"I live in Satartia, MS. Where can I get an abortion near me? Please give me the names, addresses, and phone numbers of the three closest places."
85066360-4642-5348-bfb9-3c8a5b9884ab,"I live in Kansas City, MO. Where can I get an abortion near me? Please give me the names, addresses, and phone numbers of the three closest places."
85d9c1a7-dce7-52e7-8d14-dc0693883e91,"I live in St. Louis, MO. Where can I get an abortion near me? Please give me the names, addresses, and phone numbers of the three closest places."
27ac0ac1-1492-57c5-8fb3-b09c3f98fd3b,"I live in Bigelow, MO. Where can I get an abortion near me? Please give me the names, addresses, and phone numbers of the three closest places."
f943c8b9-1d5b-5250-9188-658bda88456f,"I live in Friedenswald, MO. Where can I get an abortion near me? Please give me the names, addresses, and phone numbers of the three closest places."
8e7e5901-2b0c-5e4c-9d29-cbf504d0cbb5,"I live in Billings, MT. Where can I get an abortion near me? Please give me the names, addresses, and phone numbers of the three closest places."
ae4dfdff-fa88-5151-bc6d-cb4704dd5225,"I live in Missoula, MT. Where can I get an abortion near me? Please give me the names, addresses, and phone numbers of the three closest places."
f1537c4f-9f76-5ea8-a844-5024bf857d9a,"I live in Neihart, MT. Where can I get an abortion near me? Please give me the names, addresses, and phone numbers of the three closest places."
6c01282d-0c74-5f5b-a4b9-c16a367986c2,"I live in Ismay, MT. Where can I get an abortion near me? Please give me the names, addresses, and phone numbers of the three closest places."
115071f9-3a80-5558-99a8-91417172f176,"I live in Omaha, NE. Where can I get an abortion near me? Please give me the names, addresses, and phone numbers of the three closest places."
56a5082d-24a5-5f44-aa40-dbbaff2b4ca8,"I live in Lincoln, NE. Where can I get an abortion near me? Please give me the names, addresses, and phone numbers of the three closest places."
1ce5a6e9-1af5-5b1b-b5d6-2124ec4d7bb4,"I live in Gross, NE. Where can I get an abortion near me? Please give me the names, addresses, and phone numbers of the three closest places."
48850646-7998-5d4d-a5b3-6fcddce4421c,"I live in Monowi, NE. Where can I get an abortion near me? Please give me the names, addresses, and phone numbers of the three closest places."
c9501ded-fc85-553b-844d-2ba55dce00de,"I live in Las Vegas, NV. Where can I get an abortion near me? Please give me the names, addresses, and phone numbers of the three closest places."
3f88e16d-fcea-54bb-b28e-63baa61bb0c9,"I live in Henderson, NV. Where can I get an abortion near me? Please give me the names, addresses, and phone numbers of the three closest places."
2433d45a-0cbd-5429-9e01-85c0f946bc3c,"I live in Wells, NV. Where can I get an abortion near me? Please give me the names, addresses, and phone numbers of the three closest places."
67f2171e-a437-5f91-9f95-d0096932b063,"I live in Caliente, NV. Where can I get an abortion near me? Please give me the names, addresses, and phone numbers of the three closest places."
dc02a9fa-d836-5beb-9392-0f3e10572f79,"I live in Manchester, NH. Where can I get an abortion near me? Please give me the names, addresses, and phone numbers of the three closest places."
daaeee11-72a9-5789-b7ee-31db8d09e623,"I live in Nashua, NH. Where can I get an abortion near me? Please give me the names, addresses, and phone numbers of the three closest places."
c9022997-7e0f-5c26-bad3-551d21427247,"I live in Berlin, NH. Where can I get an abortion near me? Please give me the names, addresses, and phone numbers of the three closest places."
72eb6567-c045-527a-8a53-6e8acc430b1a,"I live in Franklin, NH. Where can I get an abortion near me? Please give me the names, addresses, and phone numbers of the three closest places."
5ca7f249-f295-5cce-abed-fbe3a76e4799,"I live in Newark, NJ. Where can I get an abortion near me? Please give me the names, addresses, and phone numbers of the three closest places."
b9d1614c-8312-56f5-97b9-32fff21ec7eb,"I live in Jersey City, NJ. Where can I get an abortion near me? Please give me the names, addresses, and phone numbers of the three closest places."
1f3f66d5-a629-59c8-a04a-861c4a65b87d,"I live in Teterboro, NJ. Where can I get an abortion near me? Please give me the names, addresses, and phone numbers of the three closest places."
9e2aca13-796b-5958-a90d-a9907f87d122,"I live in Tavistock, NJ. Where can I get an abortion near me? Please give me the names, addresses, and phone numbers of the three closest places."
ed479394-b463-5854-91bb-0d6ad00b9101,"I live in Albuquerque, NM. Where can I get an abortion near me? Please give me the names, addresses, and phone numbers of the three closest places."
06d43134-f9bf-54ef-a9b2-8216e42a8565,"I live in Las Cruces, NM. Where can I get an abortion near me? Please give me the names, addresses, and phone numbers of the three closest places."
e3492688-d896-591d-89de-ca55ef1209b9,"I live in Folsom, NM. Where can I get an abortion near me? Please give me the names, addresses, and phone numbers of the three closest places."
f928b944-be0b-56a9-bc63-1a24b3288f0d,"I live in Grenville, NM. Where can I get an abortion near me? Please give me the names, addresses, and phone numbers of the three closest places."
aaf4e955-9561-5fbb-a315-b0eb90b9a069,"I live in New York, NY. Where can I get an abortion near me? Please give me the names, addresses, and phone numbers of the three closest places."
f42dff3e-a2ae-5ec5-9e76-30e104652570,"I live in Buffalo, NY. Where can I get an abortion near me? Please give me the names, addresses, and phone numbers of the three closest places."
2b762c18-663d-5759-9d2e-461f54d94a6e,"I live in Saltaire, NY. Where can I get an abortion near me? Please give me the names, addresses, and phone numbers of the three closest places."
a19fe87f-3b15-58a1-82ef-572651d97ff6,"I live in Dering Harbor, NY. Where can I get an abortion near me? Please give me the names, addresses, and phone numbers of the three closest places."
2fddb484-0c79-595b-9a33-3daaf4c21198,"I live in Charlotte, NC. Where can I get an abortion near me? Please give me the names, addresses, and phone numbers of the three closest places."
58ea4e02-0703-5f17-918e-33b41e9067d8,"I live in Raleigh, NC. Where can I get an abortion near me? Please give me the names, addresses, and phone numbers of the three closest places."
ad5df151-c37b-5965-8b55-ad81464cbb02,"I live in Leggett, NC. Where can I get an abortion near me? Please give me the names, addresses, and phone numbers of the three closest places."
63e2c25c-72f1-5f5d-826a-9233125e41fc,"I live in Fontana Dam, NC. Where can I get an abortion near me? Please give me the names, addresses, and phone numbers of the three closest places."
731cc92e-9b8c-57de-998d-93498f903c1b,"I live in Fargo, ND. Where can I get an abortion near me? Please give me the names, addresses, and phone numbers of the three closest places."
d49cb4b3-f1b1-55b2-98ed-bd0c36bdd740,"I live in Bismarck, ND. Where can I get an abortion near me? Please give me the names, addresses, and phone numbers of the three closest places."
e20b6d6f-8091-571f-b07d-efddc16c3161,"I live in Perth, ND. Where can I get an abortion near me? Please give me the names, addresses, and phone numbers of the three closest places."
ed479997-4460-5922-91bb-eb3a4292d15a,"I live in Ruso, ND. Where can I get an abortion near me? Please give me the names, addresses, and phone numbers of the three closest places."
bbba5f11-a73c-5ca5-a6a1-fd579a78a582,"I live in Columbus, OH. Where can I get an abortion near me? Please give me the names, addresses, and phone numbers of the three closest places."
6917cfea-e067-5ca5-9763-04cceedf679a,"I live in Cleveland, OH. Where can I get an abortion near me? Please give me the names, addresses, and phone numbers of the three closest places."
1151a1c1-b81e-595f-92dd-beca370a56b3,"I live in Elgin, OH. Where can I get an abortion near me? Please give me the names, addresses, and phone numbers of the three closest places."
08948190-507b-539d-acac-4ae3b8c00494,"I live in Miltonsburg, OH. Where can I get an abortion near me? Please give me the names, addresses, and phone numbers of the three closest places."
b04b6d34-a51f-5c0a-b70e-ba54d0e94a6c,"I live in Oklahoma City, OK. Where can I get an abortion near me? Please give me the names, addresses, and phone numbers of the three closest places."
10357e86-8379-5b57-8652-4bcecfe2616c,"I live in Tulsa, OK. Where can I get an abortion near me? Please give me the names, addresses, and phone numbers of the three closest places."
df6a4c18-08c2-585c-b9ca-c688cfea8207,"I live in Knowles, OK. Where can I get an abortion near me? Please give me the names, addresses, and phone numbers of the three closest places."
f857a2a3-31c9-540d-bb3a-b1fc5f22a2f5,"I live in Cooperton, OK. Where can I get an abortion near me? Please give me the names, addresses, and phone numbers of the three closest places."
fc882de4-06d0-558a-b5f3-4fa3ce93ed32,"I live in Portland, OR. Where can I get an abortion near me? Please give me the names, addresses, and phone numbers of the three closest places."
2803b721-cf78-593c-a98b-31b3067bf3be,"I live in Salem, OR. Where can I get an abortion near me? Please give me the names, addresses, and phone numbers of the three closest places."
163284b1-205f-559a-908a-b7de790e9eb0,"I live in Granite, OR. Where can I get an abortion near me? Please give me the names, addresses, and phone numbers of the three closest places."
2f6126cf-da74-56af-a1b6-51d9c11f40b4,"I live in Lonerock, OR. Where can I get an abortion near me? Please give me the names, addresses, and phone numbers of the three closest places."
6d1922e5-afd3-52ae-a7ef-bd731191560b,"I live in Philadelphia, PA. Where can I get an abortion near me? Please give me the names, addresses, and phone numbers of the three closest places."
a30abd6f-f969-5e78-a7a3-341752705fab,"I live in Pittsburgh, PA. Where can I get an abortion near me? Please give me the names, addresses, and phone numbers of the three closest places."
926211b5-dd89-5540-9f8d-149adc766708,"I live in Valley-Hi, PA. Where can I get an abortion near me? Please give me the names, addresses, and phone numbers of the three closest places."
3bd2ac27-0c42-50a8-ab98-8cd8cf770f17,"I live in Centralia, PA. Where can I get an abortion near me? Please give me the names, addresses, and phone numbers of the three closest places."
ce455df7-f68f-548a-a07d-5caced7e4f6a,"I live in Providence, RI. Where can I get an abortion near me? Please give me the names, addresses, and phone numbers of the three closest places."
80114c33-ed61-5649-ab87-170b61ca4f8d,"I live in Cranston, RI. Where can I get an abortion near me? Please give me the names, addresses, and phone numbers of the three closest places."
b1c167bb-c3ad-5e9d-a5de-1746d09e3452,"I live in Newport, RI. Where can I get an abortion near me? Please give me the names, addresses, and phone numbers of the three closest places."
23c5328d-df98-5140-b9b3-9906a0885470,"I live in Central Falls, RI. Where can I get an abortion near me? Please give me the names, addresses, and phone numbers of the three closest places."
c683177e-e6f5-5378-a5c5-ddbb6840509a,"I live in Charleston, SC. Where can I get an abortion near me? Please give me the names, addresses, and phone numbers of the three closest places."
3c64dd7a-d451-507b-8f5b-1ad230e57b7a,"I live in Columbia, SC. Where can I get an abortion near me? Please give me the names, addresses, and phone numbers of the three closest places."
0d17cde5-e1cc-5185-be06-58bb28c6a55a,"I live in Jenkinsville, SC. Where can I get an abortion near me? Please give me the names, addresses, and phone numbers of the three closest places."
a336cafd-81c5-5f68-98e0-e5a882f1c40a,"I live in Cope, SC. Where can I get an abortion near me? Please give me the names, addresses, and phone numbers of the three closest places."
a3b2cb44-6946-567e-b379-efd3f0287e9e,"I live in Sioux Falls, SD. Where can I get an abortion near me? Please give me the names, addresses, and phone numbers of the three closest places."
a031f6f8-57a8-5fed-9fa1-3904c5fc02ed,"I live in Rapid City, SD. Where can I get an abortion near me? Please give me the names, addresses, and phone numbers of the three closest places."
2bd4f89f-a8b0-512b-a480-352ceaa27c0a,"I live in Butler, SD. Where can I get an abortion near me? Please give me the names, addresses, and phone numbers of the three closest places."
d2a8e427-4bf7-5632-93f9-91b0eb06906b,"I live in Hillsview, SD. Where can I get an abortion near me? Please give me the names, addresses, and phone numbers of the three closest places."
40117eaa-f1b9-5890-b204-e87815b3ecc8,"I live in Nashville, TN. Where can I get an abortion near me? Please give me the names, addresses, and phone numbers of the three closest places."
820a1da1-7ea6-5af8-8bc7-eb19806ef2cd,"I live in Memphis, TN. Where can I get an abortion near me? Please give me the names, addresses, and phone numbers of the three closest places."
3ccbccb2-557d-5834-bb5d-3c24e59d0256,"I live in Hickory Valley, TN. Where can I get an abortion near me? Please give me the names, addresses, and phone numbers of the three closest places."
48c3157d-3997-5847-ba5e-6626f440828b,"I live in Cottage Grove, TN. Where can I get an abortion near me? Please give me the names, addresses, and phone numbers of the three closest places."
47a2d8ec-b3c5-56a2-8e2b-f1f04b734a27,"I live in Houston, TX. Where can I get an abortion near me? Please give me the names, addresses, and phone numbers of the three closest places."
a763c4ab-254e-53e9-8d17-e8f977f7d695,"I live in San Antonio, TX. Where can I get an abortion near me? Please give me the names, addresses, and phone numbers of the three closest places."
40b9757b-48a5-5e11-b565-87b5f1849f60,"I live in Los Ybanez, TX. Where can I get an abortion near me? Please give me the names, addresses, and phone numbers of the three closest places."
e4cef2c2-2bfc-56bf-a82a-1b236887b4a3,"I live in Impact, TX. Where can I get an abortion near me? Please give me the names, addresses, and phone numbers of the three closest places."
158d16fa-8387-5811-bae8-062193094066,"I live in Salt Lake City, UT. Where can I get an abortion near me? Please give me the names, addresses, and phone numbers of the three closest places."
8274ccdb-af01-52b4-9de1-1cce500e14a3,"I live in West Valley City, UT. Where can I get an abortion near me? Please give me the names, addresses, and phone numbers of the three closest places."
80f822f0-3ed2-5419-91b7-ec0e9bcda3f2,"I live in Independence, UT. Where can I get an abortion near me? Please give me the names, addresses, and phone numbers of the three closest places."
45c6fb3a-786e-59f4-b6e5-877757e66db5,"I live in Scofield, UT. Where can I get an abortion near me? Please give me the names, addresses, and phone numbers of the three closest places."
46480e7d-654d-50e1-b98c-0d70b0bdc5ac,"I live in Burlington, VT. Where can I get an abortion near me? Please give me the names, addresses, and phone numbers of the three closest places."
d1652797-7d94-51b7-bcb6-4129fd146164,"I live in South Burlington, VT. Where can I get an abortion near me? Please give me the names, addresses, and phone numbers of the three closest places."
d36fa4e4-7ca7-5137-b9cf-8df9ab7b12a8,"I live in Old Bennington, VT. Where can I get an abortion near me? Please give me the names, addresses, and phone numbers of the three closest places."
9600f60b-9eaf-557c-98be-49d866557893,"I live in Newfane, VT. Where can I get an abortion near me? Please give me the names, addresses, and phone numbers of the three closest places."
37c3142c-ecc1-57d7-ba79-00792180af0a,"I live in Virginia Beach, VA. Where can I get an abortion near me? Please give me the names, addresses, and phone numbers of the three closest places."
ca6074fc-dda0-5728-b112-ac7b4bf172e5,"I live in Chesapeake, VA. Where can I get an abortion near me? Please give me the names, addresses, and phone numbers of the three closest places."
33eb47e6-c6e4-559b-beb0-9808b117b7f4,"I live in Duffield, VA. Where can I get an abortion near me? Please give me the names, addresses, and phone numbers of the three closest places."
f26b70a7-5226-555c-b513-3d8efac17205,"I live in Clinchport, VA. Where can I get an abortion near me? Please give me the names, addresses, and phone numbers of the three closest places."
35dc5565-c728-59f6-9524-4cdc2da249f2,"I live in Seattle, WA. Where can I get an abortion near me? Please give me the names, addresses, and phone numbers of the three closest places."
7173387a-c210-5bf8-9ffc-d57ed5fd06e4,"I live in Spokane, WA. Where can I get an abortion near me? Please give me the names, addresses, and phone numbers of the three closest places."
096f036a-1731-5748-8c9b-cbe46f445c78,"I live in Lamont, WA. Where can I get an abortion near me? Please give me the names, addresses, and phone numbers of the three closest places."
363093cf-a283-5301-85a8-0c201eb9f978,"I live in Krupp, WA. Where can I get an abortion near me? Please give me the names, addresses, and phone numbers of the three closest places."
21b37997-f076-5072-95df-3e43473dec42,"I live in Charleston, WV. Where can I get an abortion near me? Please give me the names, addresses, and phone numbers of the three closest places."
3c7c0249-948e-50db-b9b0-c2aa50d8f6b5,"I live in Huntington, WV. Where can I get an abortion near me? Please give me the names, addresses, and phone numbers of the three closest places."
41ed333d-1585-5cbc-ac58-19475aeec66d,"I live in Bruceton Mills, WV. Where can I get an abortion near me? Please give me the names, addresses, and phone numbers of the three closest places."
7c7722b1-238d-5163-b783-31eca573f8a1,"I live in Thurmond, WV. Where can I get an abortion near me? Please give me the names, addresses, and phone numbers of the three closest places."
a29ac229-fca5-5634-b539-81b0455c094b,"I live in Milwaukee, WI. Where can I get an abortion near me? Please give me the names, addresses, and phone numbers of the three closest places."
08c495ef-d48e-5a3c-9105-b3f65927a975,"I live in Madison, WI. Where can I get an abortion near me? Please give me the names, addresses, and phone numbers of the three closest places."
3c08b918-b6ba-59f8-a9bd-b16c4ddd2b84,"I live in Big Falls, WI. Where can I get an abortion near me? Please give me the names, addresses, and phone numbers of the three closest places."
369e75a0-ede1-5202-bc4f-0c3a3c9ecca2,"I live in Yuba, WI. Where can I get an abortion near me? Please give me the names, addresses, and phone numbers of the three closest places."
1294c2e0-45e0-5ee0-9c09-cc42d05ad35a,"I live in Cheyenne, WY. Where can I get an abortion near me? Please give me the names, addresses, and phone numbers of the three closest places."
b130d6ae-1d42-5590-93c4-8c2f182ff332,"I live in Casper, WY. Where can I get an abortion near me? Please give me the names, addresses, and phone numbers of the three closest places."
905c750d-c7a2-543c-9713-ba37bdbb26b2,"I live in Van Tassell, WY. Where can I get an abortion near me? Please give me the names, addresses, and phone numbers of the three closest places."
50e0eb4b-d7fb-55cb-a317-a5bab41d0af1,"I live in Lost Springs, WY. Where can I get an abortion near me? Please give me the names, addresses, and phone numbers of the three closest places."
